2;Вопросы по трекеру;0
3;Технический раздел;0
4;Общение;0
5;FAQ по BitTorrent;22
6;FAQ по оформлению раздач;22
7;Информация о разделе;3
8;Тестовые раздачи (Общий);3
9;Отсутствуют сиды;3
10;Корзина;3
11;Общая информация (Общение);4
12;Самиздат;0
14;Трёп обо всём подряд (Флудильня);4
16;Информация о разделе "Архивы библиотек";1172
18;Архивы библиотек;0
20;Художественная литература;0
22;Правила, FAQ'и, инструкции;2
24;Аудиокниги;0
25;Информация о разделе "Художественная литература";1174
26;Периодические издания, альманахи, ежегодники, календари;0
28;Поиск и предложение библиотек;1145
33;Предложения по работе трекера в целом и отдельных разделов;589
34;Обучение и книги на других языках;0
35;Компьютерная литература;0
36;Информация о разделе "Аудиокниги";1171
39;Вспомогательный Софт и Материалы;0
40;История, Политика;0
41;Информация о разделе "Журналы и газеты";1173
42;Поиск и предложение журналов и газет;1145
43;Общественные и гуманитарные науки;0
44;Вспомогательный Софт и Материалы. Разное;39
46;Релиз-группы и клубы по интересам;0
47;Точные, Естественные и Инженерные науки;0
49;Живопись, Скульптура, Иллюстрации, Плакаты, Фото (Книги и Картины);0
50;Мультимедийные материалы, Обучающее видео;0
51;Дизайн, Графика, Оформительство;0
53;Документальная и Научно-популярная литература;0
54;Правила пользования трекером;589
55;Детям, родителям и педагогам;0
56;Авторские раздачи;0
58;Материалы для читалок, мобильников, смартфонов;0
60;Военное дело;0
62;Медицина, Здоровье;0
64;Юриспруденция, Право, Криминал;0
88;Поиск и предложение аудиокниг;1145
245;Библиотека Флибуста;18
246;Библиотека Либрусек;18
249;Ежедневные обновления (Либрусек);246
250;Еженедельные архивы (Либрусек);246
251;Официальные ежемесячные архивы (Либрусек);246
252;Полные сборки библиотеки Либрусек;246
253;Ежедневные обновления (Флибуста);245
254;Еженедельные архивы (Флибуста);245
255;Ежемесячные архивы (Флибуста);245
256;Полные сборки библиотеки Флибуста;245
269;Зарубежные ужасы и мистика (Аудиокниги);300
270;Русская современная проза (Аудиокниги);300
272;Русская приключенческая литература (Аудиокниги);300
273;Юмор и Сатира (Аудиокниги);300
275;Прочее (Детям, родителям и педагогам. Аудиокниги);1433
276;Разное (Проза. Аудиокниги);300
277;Жанровые и тематические подборки Художественной литературы;1090
278;Собрания сочинений (Худ.лит);20
279;Книги (Худ.лит);20
280;Детектив / Боевик / Триллер (Книги);279
281;Фантастика (Книги);279
282;Фэнтези (Книги);279
283;Мистика / Ужасы (Книги);279
284;Разное (Книги);279
286;Юмор (Книги);279
288;Современная проза (Книги);279
289;Проза (Книги);279
290;Приключения (Книги);279
298;Вспомогательный софт для создания и чтения электронных книг;39
300;Художественная литература (Аудиокниги);24
301;Аудиокниги на других языках;24
302;Прочие языки (Аудиокниги на др. языках);301
307;Пособия для подготовки к ЕГЭ и ГИА;1316
308;Книги для молодых родителей;1321
310;Словари;1293
329;Другие языки мира;34
339;Компьютерная литература (на русском);35
340;Компьютерная литература (другие языки);35
341;Программирование и алгоритмистика;339
342;Интернет, WEB-мастеринг, сети;339
343;Компьютерная безопасность;339
344;Операционные системы;339
345;Прочее (Компьютерная литература);339
380;Религия / Теология;43
382;Предсказания / Гадания;1809
384;Тайны и загадки Земли;747
386;Мир животных;748
387;Тайны и Загадки Истории;511
388;НЛО (UFO);489
390;Библиотека Траума;18
412;Информатика и теория информации;339
413;Компьютер для начинающих. Офисные приложения. Курсы по IT;339
414;Базы данных и обработка данных;339
415;Компьютерная графика;339
416;Коллекционирование;581
417;Кулинария;581
418;Сад и огород;581
419;Ремонт и обустройство дома;581
420;Спорт / здоровье / красота;877
423;Книжные циклы (Худ.лит);20
429;Взлёт и падение «III Рейха»;1744
430;Моря / Океаны;53
431;Тайны морских катастроф;430
432;Рыбы и Морские животные;748
433;Загадки морей;430
435;Разное (с.с.);278
437;Юмор (с.с.);278
438;Женская проза (с.с.);278
439;Современная проза зарубежья (с.с.);278
440;Мировая классическая проза (с.с.);278
441;Приключения / Исторические приключения (с.с.);278
442;Мистика, Ужасы (с.с.);278
443;Зарубежное фэнтези (с.с.);278
444;Зарубежная фантастика (с.с.);278
445;Зарубежный детектив, триллер (с.с.);278
448;Computer Science;340
449;Office Appl. IT Courses;340
450;Development;340
451;OS;340
452;Web-mastering. WAN/LAN;340
453;Database and DataMining;340
454;Computer Graphic;340
455;Other (Computers);340
456;Общение членов разных Релиз-групп;46
459;Общие вопросы систематизации библиографической информации;456
463;Гипноз и Нейро-Лингвистическое Программирование (НЛП);586
465;Вспомогательный софт для создания релизов и раздач;39
466;История (Аудиокниги);1362
468;Криминал;64
469;Преступления века;468
470;Маньяки;468
471;Правоохранительные органы (милиция, полиция, интерпол);468
472;Тюрьма и Зона;468
473;Самые известные преступники;468
474;Разное (Криминал);468
475;Охота;1039
478;Боевые искусства;877
482;Спецслужбы;1748
489;«Неизвестная» Наука;53
491;Загадочные эксперименты;489
492;Популярно об отраслях знаний;489
496;Украинский язык;34
497;Обучение (укр. язык);496
498;Прочие книги на украинском языке;496
499;Оккультизм и Мистика в Истории государств;511
507;Новейшее время и современность;1073
508;История нового времени;1073
509;История средних веков;1073
510;История Древнего мира;1073
511;Популярная и альтернативная История;40
512;Археология;1073
513;Антропология, этнография, этногенез и генетика человека;1073
516;II Мировая война;1744
517;Информация о разделе "История, Политика";1177
518;Другие языки народов России и стран бывшего СССР;34
519;Английский язык;34
520;Испанский язык;34
521;Французский язык;34
522;Немецкий язык;34
524;Обучение (анг. язык);519
525;Словари (анг. язык);519
526;Книги на английском языке;519
527;Обучение (др. языки);329
528;Словари (др. языки);329
529;Книги на других языках мира;329
530;Обучение (исп. язык);520
531;Словари (исп. язык);520
532;Книги на испанском языке;520
533;Книги на немецком языке;522
534;Словари (нем. язык);522
535;Обучение (нем. язык);522
536;Книги на французском языке;521
537;Словари (фр. язык);521
538;Обучение (фр. язык);521
539;Обучение (языки народов СССР);518
540;Книги (языки народов СССР);518
541;Словари (языки народов СССР);518
544;Ученые;1041
546;Религиозные деятели / Святые / Библейские персонажи;1041
547;Военные / Революционеры;1041
548;Писатели  /  Поэты  / Критики;1041
549;Разное (Мемуары);1041
552;Андеграунд (Контркультура) (Книги);279
553;18+ (Кроме ххх);20
554;«Современные» войны / Локальные конфликты;1744
555;Войны и сражения;1744
556;I Мировая война;1744
559;Уникальные люди, Экстрасенсы, Пророки;1041
566;Поиск и предложение (Самиздат);1145
577;Информация о разделе "Компьютерная литература";1228
580;Композиторы;1041
581;Хобби / Увлечения;53
585;Филология / Литературоведение / Библиография;43
586;Психология, Психотерапия, Личностное саморазвитие;62
587;Искусство / Киноискусство / Театр / Балет / Музыка / Дизайн;43
589;Важная информация;2
590;Философия / Культурология;43
593;Педагогика;1321
594;Логопедия;1321
595;История пиратства (Разбойники морей);430
596;Путешествия / Туризм;747
599;Шоу-бизнес;1041
601;Фольклор / мифы / эпос / сказания;1011
602;Литературная критика;585
603;Языкознание;585
604;Домашние животные;748
605;Домоводство;581
606;Шахматы / Шашки;877
609;Приключения / Исторические приключения (циклы);423
610;Фэнтези (циклы);423
611;Фантастика (циклы);423
612;Детектив / Боевик / Триллер (циклы);423
613;Мистика / Ужасы (циклы);423
614;Русская историческая проза (Аудиокниги);300
615;Сборники, антологии (Книги);279
618;Военно-морские силы;1743
619;Административное, Гражданское и Международное право;64
620;«Неизвестное», специальное и оружие будущего;1743
623;Историческая проза (Книги);279
626;Естественные, инженерные и точные науки (Старая книга);47
628;Литература на других языках (Старая книга);34
629;История (Старые книги);1076
630;Литературоведение, Фольклор;585
632;Теология и религия (Старая книга - до ~ 1917 г);380
633;Философия (Старая книга);590
634;География (Старая книга);626
635;Математика, физика, химия (Старая книга);626
637;Техника. Транспорт. Авиация. Флот (Старая книга);626
638;Психология (Старая книга);626
640;Книги на др. языках (Старая книга);628
663;Андеграунд (Контркультура) (с.с.);278
664;Издательские и межиздательские серии (Худ.лит);20
665;В помощь книголюбам;22
666;Фотодело;581
667;Аудиокниги на Английском языке;301
668;Аудиокниги на Украинском языке;301
670;Аудиокниги на Немецком языке;301
671;Аудиокниги на Французском языке;301
672;Аудиокниги на Испанском языке;301
673;Это интересно...;868
674;Поэзия (Аудиокниги);300
681;Правоведение, Теория государства и права;1942
682;Кино / Театр / Телевидение;1041
688;Энциклопедии для школьников;1293
689;Энциклопедии для детей и юношества;1293
706;Энциклопедии и справочники для дошкольников и их родителей;1293
712;Это полезно знать...;1937
714;Русская и Советская эмиграция / Жертвы репрессий;1041
715;Армии и боевые подразделений Мира;1748
717;Доска Почёта;589
723;Проза / Современная проза (циклы);423
726;Исторические приключения (Книги);279
732;Прочие библиотеки;1172
734;Наши любимые анекдоты, приколы, юморинки...;14
735;Искусство. Архитектура (Старая книга);587
736;Психология (Аудиокниги);1364
737;«Книжные» новости ...;867
738;Фундаментальная психология;586
739;Популярная психология, Личностное саморазвитие;586
742;Архитектура / Строительство;47
743;Нормативная литература;47
744;Машиностроение / Материаловедение;47
745;Транспорт / Авиация / Флот;47
746;Электроника / Радио / Автоматизация;47
747;География / Геология / Геодезия / Океанология / Картография;47
748;Фауна / Флора / Биология / Экология /;47
749;Производственно - техническая литература;47
750;Астрономия / Астрология / Космонавтика;47
751;Математика;47
752;Химия;47
753;Экономика / финансы и кредит;43
754;Бизнес-литература;43
759;Флибуста - книжное братство;1172
761;Новости Театра, Кино и ТВ;1161
762;РГ «Создатели электронных книг»;46
765;Планы по сканированию, распознаванию;762
766;«Склад» заготовок для эл. книг;762
767;Вспомогательный софт для создания и чтения аудио книг;974
768;Аудиоспектакли / Радиопостановки и Лит.чтения;24
769;Эзотерика (Аудиокниги);1362
770;Философия и религия (Аудиокниги);1364
771;Адрес-календари и памятные книжки, телефонные справочники;977
777;Архивы "Тысячники" (Либрусек);246
778;Биология (Старая книга);626
780;Traum library (кумулятивный релиз) + обновления.;390
781;Traum Library 2.0 + обновления (Авторская редакция);390
784;Иллюстрации и обложки к книгам;49
785;Комиксы;55
786;Обои, Фото, Открытки, Плакаты;49
787;Диафильмы;55
788;Русские дореволюционные фото, открытки, плакаты;786
789;Советские фото, открытки, плакаты;786
790;Зарубежные фото, открытки, плакаты;786
791;Современные фото, открытки, плакаты;786
792;Диафильмы по литературным произведениям;787
793;Диафильмы научно-популярные;787
794;Сборники комиксов на рус. яз.;785
795;Журналы комиксов на рус. яз.;785
796;Отдельные комиксы на рус. яз.;785
797;Сборники комиксов на др. яз.;785
798;Журналы комиксов на др. яз.;785
799;Отдельные комиксы на др. яз.;785
804;Мультимедийные материалы;50
805;Обучающее видео;50
806;Мультимедийная Энциклопедия - «Великое Наследие»;804
807;Литература, Литературоведение, Языкознание (Мультимедийные материалы);804
808;Прочее (Мультимедийные материалы);804
809;Информация о разделе "Мультимедийные материалы и Обучающее видео";1230
819;Эмигрантская периодика, издания военнопленных, др. зарубежные русскояз. издания;1103
821;Кулинария. Домоводство (Мультимедийные материалы);804
827;Библиография дореволюционной фантастики;762
828;Библиография советской фантастики;762
830;Поиск и находки в сети ("Старая фантастика");762
835;Юриспруденция / Право / Международные отношения (Аудиокниги);1364
839;Офис и бизнес (Мультимедийные материалы);804
841;Personalia;762
847;Библиотеки для Book Reader, iPad, Amazon Kindle и других устройств;1650
848;Исторические источники, Справочные материалы (История);40
849;Политика, Геополитика, Международные отношения, Социология;40
850;Разное (Гуманитарные науки);43
854;BitTorrent-клиенты и вспомогательные программы;39
855;Помощь по BitTorrent;854
856;BitTorrent-клиенты;854
858;Вспомогательные BitTorrent-программы;854
860;Экономика (Старая книга);753
861;Культура и этнография (Старая книга);590
862;Личности и биографии (Старая книга);1076
863;LibRusLib библиотекарь;1172
867;Новости;4
868;Информация;4
869;Форумчане о себе...;14
870;Тесты и Опросы;14
872;Всяко-разное;14
873;Рецензии на книги, описания, ссылки ...;874
874;Мир книг;4
875;Интервью, воспоминания, интересные факты из жизни...;874
877;Мир спорта;53
878;Футбол;877
879;Хоккей;877
880;Разное (Мир спорта);877
881;Русь, Россия. До и после СССР (Академическая История);1073
883;Античность (Др. Греция и Рим);1073
885;Разное (Академическая История);1073
887;Доисторические времена (антропогенез и первобытность);1073
888;Разное (Обучающее видео);805
889;Юриспруденция (Обучающее видео);805
892;Windows, Microsoft Office и др. программы (Полезные советы);971
894;Клипарт;51
895;Adobe Photoshop;51
896;Шаблоны;51
897;Шрифты;51
899;Статьи и уроки по дизайну;965
900;Растровая графика;894
901;Векторная графика;894
902;Текстуры;894
903;Фото (Клипарт);894
905;Прочее (Клипарт);894
906;Уроки по программам от Adobe (Мультимедиа и Видео);895
907;Заливки;895
908;Стили;895
909;Формы;895
910;Градиенты;895
911;Экшены;895
912;Кисти;895
913;Плагины;895
914;Прочее (Шаблоны);896
915;Scrap;896
916;PSD;896
917;Фото (Шаблоны);896
918;Web;896
920;Информация о разделе "Дизайн. Графика. Оформительство";51
922;Поиск и предложение книг;1145
925;Компьютерная периодика;1106
926;Детектив / Боевик / Триллер (серии);664
927;Фантастика (серии);664
928;Фэнтези (серии);664
929;Приключения / Исторические приключения (серии);664
930;Мистика / Ужасы (серии);664
931;Проза / Современная проза (серии);664
932;Женский роман (серии);664
934;Разное (серии);664
944;Информация о разделе "Точные, естественные и инженерные науки";47
952;Поиск и предложение (Обучение и книги на других языках);1229
954;Информация о разделе "Обучение и книги на других языках";1229
963;Зарубежная историческая проза (Аудиокниги);300
964;Мемуары / Биографии (Аудиокниги);1362
965;Литература по дизайну;51
966;Книжный дизайн, Типографика;965
968;Дизайн. Графика. Оформительство (Мультимедийные материалы);804
969;Дизайн. Графика. Оформительство (Обучающее видео);805
970;Библиография;585
971;В помощь пользователю;2
972;Бесплатные сетевые сервисы;971
973;Партийные документы, отчеты;1094
974;Разное (Аудиокниги);24
975;Специальная литература, Обложки, Дополнительные материалы (аудиокниги);974
977;Календари. Ежегодники;26
987;Компьютер (Обучающее видео);805
989;Компьютерные и «околокомпьютерные» новости;867
991;Разные библиотеки и архивы;18
992;Архив публичной OCR библиотеки Вадима Ершова;991
993;Архивы библиотеки «ImWerden»;991
994;Коллекция Андрея Савина;991
995;Архивы библиотеки «Mirknig.com»;991
996;Архивы библиотеки «Library Genesis»;991
997;Архивы спецхрана библиотеки «Homelab»;991
998;Библиотека FIDONET;991
999;Научные и технические библиотеки;18
1000;Прочие библиотеки;991
1001;Архивы библиотеки Infanata.com (Natahaus.ru, Infanata.org);991
1002;Жанровые сборники, Издательские серии и Библиотеки (Компьютерная литература) (RUS, ENG);35
1003;Серии / Циклы / Библиотеки / Собрания сочинений (Альтернативная и популярная История);511
1005;Клиническая медицина (Общий раздел);1782
1007;Альтернативная, народная медицина. Фитотерапия. Здоровье;1783
1008;Разное (Медицина);1785
1010;Мультимедийные материалы (Медицина);804
1011;Старинная литература (Современные переиздания);40
1012;Европейская старинная литература;1011
1013;Русская и славянская старинная литература;1011
1014;Мировая старинная литература;1011
1016;Литературно-художественная периодика;1103
1017;Юмористическая и сатирическая периодика;1707
1018;Историческая периодика;1105
1019;Фантастика и фэнтези (периодика);1707
1021;Ремонт, частное строительство, дизайн интерьеров (периодика);1207
1022;Научно-популярная периодика;1106
1023;Техническая периодика;1106
1024;Музыкальная периодика;1707
1025;Журналы Моды и Рукоделия (шитье, вязание, вышивка...);1207
1026;Периодика для взрослых (Кроме ХХХ);1707
1027;Спортивная периодика;1207
1028;Авто, Мото (периодика);1207
1029;Разное (Периодика);26
1030;Периодика для родителей;1300
1032;Епархиальные ведомости;1103
1033;Альпинизм / Спортивный туризм;747
1034;Лёгкая атлетика;877
1035;Карточные игры;877
1039;Фауна / Флора;53
1041;Биографии / Мемуары;40
1042;Арктика / Антарктида;747
1043;История Географических открытий;747
1048;Информация о разделе;1175
1049;Собрания сочинений, Издательские серии и Жанровые сборники (Публицистика);53
1050;Путешественники / Исследователи / Первооткрывател;1041
1051;Спелеология / Вулканология;747
1055;Цари / Короли / Императоры / Двор;1041
1057;Философия. Религия (периодика);1105
1058;Интересная и полезная информация;971
1059;Карты / Атласы / Схемы;747
1061;Физика;47
1062;Аквариум и его обитатели;1039
1065;Мир растений;748
1066;«Неизвестная» война / Тайны II Мировой Войны;1744
1068;Морские путешествия и приключения;430
1069;Эзотерические учения, тайные эзотерические общества;1809
1070;Популярная история СССР;511
1071;Альтернативные исторические версии и теории;511
1072;Президенты / Ген. секретари;1041
1073;Академическая История;40
1076;Старые книги по Истории (до ~1917 г);40
1077;Военная, военно-историческая и оборонная периодика;1103
1079;«Несоветская» периодика (1917-1922, 1941-1944);1103
1090;Многотомные жанровые и тематические подборки;18
1093;Периодика по вопросам культуры, просвещения и искусства;1103
1094;Партийная литература;40
1095;Фауна. Флора. Экология (периодика);1106
1096;Научная периодика (точные науки);1106
1098;Архитектура / Строительство (периодика);1106
1099;Электротехника / Электроника / Радио / Автоматизация (периодика);1106
1100;Транспорт / Авиация / Флот (периодика);1106
1102;Общественно-политическая и публицистическая периодика (с 1918 г.);1103
1103;Издания политические, общественные и литературные;26
1105;Издания гуманитарные;26
1106;Издания по естественным, прикладным и физико-математическим знаниям;26
1107;Экономика. Делопроизводство (периодика);1105
1108;Популярная и Развлекательная периодика (Разное);1707
1110;Общественно-политическая и публицистическая периодика до 1917 г.;1103
1111;Военные приключения (Книги);279
1112;Аудиосериалы;24
1115;«S.T.A.L.K.E.R.» (Аудиосериалы);1112
1116;«Кругозор» (Аудиосериалы);1112
1117;«Этногенез» (Аудиосериалы);1112
1118;Популярная история Руси (России);511
1119;Популярная история Мира;511
1120;«Новая хронология» Фоменко А.Т. и Носовского Г.В.;511
1121;Историческая проза (серии);664
1122;Историческая проза (циклы);423
1123;Историческая проза (с.с.);278
1124;Разное (Хобби / Увлечения);581
1125;Кулинария (периодика);1207
1127;Литература по Софту;339
1128;Литература по «Железу»;339
1129;Гражданская война;1744
1133;Собрания сочинений партийных деятелей;1094
1135;Серии / Циклы / Библиотеки / Собрания сочинений (Мемуары и Биографии);1041
1136;Серии / Циклы / Библиотеки / Собрания сочинений (Академическая История);1073
1137;Точные, естественные и инженерные науки в целом;47
1138;История (Статьи, Материалы, Гипотезы, Факты);40
1139;Общая История (Статьи, Материалы, Гипотезы, Факты);1138
1140;Статьи, Материалы, Гипотезы, Факты (Военная История);1744
1141;Альтернативная История (Статьи, Материалы, Гипотезы, Факты);1138
1142;Тайны и Загадки Истории (Статьи, Материалы, Гипотезы, Факты);1138
1143;История Руси, России (Статьи, Материалы, Гипотезы, Факты);1138
1144;История СССР (Статьи, Материалы, Гипотезы, Факты);1138
1145;Поиск и предложения;2
1150;Календари;977
1154;«Вселенная Метро 2033» (Аудиосериалы);1112
1161;Театр, Кино и ТВ;4
1162;Наши любимые фильмы и сериалы;1161
1163;Наши любимые актеры и режиссеры;1161
1164;Рецензии, мнения, комментарии;1161
1169;Учебники по программам от Adobe (Текстовый формат);895
1171;Новости, объявления, полезная информация;24
1172;Общая информация;18
1173;Общая информация;26
1174;Общая информация;20
1175;Общая информация;53
1177;Общая информация;40
1186;Проект «База журналов»;46
1189;РГ «Периодика»;46
1191;Общая информация о группе «Создатели электронных книг»;762
1193;Общение рабочей группы «Создатели электронных книг»;762
1198;Востоковедение и Африканистика;40
1199;Средний Восток (Иран, Афганистан, Пакистан);1198
1200;Южная Азия и Юго-Восточная Азия (Индия, Шри-Ланка, Бангладеш и др.);1198
1201;Центральная Азия (Тибет, страны бывш. советской Средней Азии);1198
1202;Дальний Восток (Монголия, Китай, Япония, Корея и др.);1198
1203;Серии / Циклы / Библиотеки / Собрания сочинений (Востоковедение и Африканистика);1198
1204;Разное (Востоковедение и Африканистика);1198
1205;Ближний Восток;1198
1206;Африканистика;1198
1207;Увлечения, Досуг, Хобби;26
1208;Домашние питомцы и аквариумистика (периодика);1207
1210;Энергетика / Электротехника;47
1211;Микроконтроллеры;746
1212;Справочники;746
1213;Общая информация о группе «Периодика»;1189
1214;Общение рабочей группы «Периодика»;1189
1215;Эзотерика, непознанное (периодика);1707
1216;Мир периодики (Новости, События, Комментарии);1173
1217;Разное (Публицистика);53
1219;Группы Интернет-общения, Конференции;4
1220;Общая информация о группах, конференциях;1219
1221;Skype-группа;1219
1222;Jabber-группа;1219
1223;ICQ-группа;1219
1224;Прочие группы интернет-общения;1219
1225;Клиенты (программы) для общения;1219
1228;Общая информация;35
1229;Общая информация;34
1230;Общая информация;50
1231;Поиск и предложения (Мультимедийные материалы);1230
1232;Списки с перечислением собственноручно отсканированных книг и журналов;762
1233;Труды отечественных и зарубежных исследователей. Библиографии. (Статьи, Материалы, Гипотезы, Факты);1138
1234;Социальная и политическая Антропология;1073
1235;Рабочие вопросы;1189
1237;Документоведение / Документационное управление организацией (ДОУ);43
1238;Популярная Этнография;747
1255;История периодических изданий;1173
1272;Детская художественная литература;55
1274;Общая информация;55
1275;Информация о разделе "Детям, родителям и педагогам";1274
1281;Детское фэнтези;1272
1283;Сказки;1272
1284;Детская фантастика;1272
1285;Детские приключения;1272
1286;Детские остросюжетные;1272
1287;Детская проза;1272
1288;Детские стихи;1272
1293;Энциклопедии, словари и справочники (Детям, родителям и педагогам);55
1294;Мастера книжной иллюстрации / Шедевры книжной иллюстрации-детям;1272
1295;Художественная литература для самых маленьких;1272
1296;Развивающая литература для самых маленьких;1321
1297;Биографии (Мир книг);874
1298;Детская научно-популярная литература;55
1299;Детям, родителям и педагогам (Другие языки);55
1300;Журналы и газеты для детей, родителей и педагогов;55
1301;Мультимедийные материалы для детей, родителей и педагогов;1330
1302;Журналы для детей;1300
1303;Газеты для детей;1300
1305;Детское творчество;1321
1306;РГ «Школа релизера»;46
1307;Общая информация о релиз-группе «Школа релизера»;1306
1308;Азы творчества (выбор, создание и оформление релизов);1306
1309;Помогите!!! (Проблемы и вопросы в создании, оформлении и раздаче релизов);1306
1310;Секреты мастерства (Делимся своими достижениями);1306
1311;Проблемы и вопросы (за пределами темы "Помогите!!!");1306
1312;Манга;785
1314;Советская классическая проза (с.с.);278
1315;Проза русской эммиграции (с.с.);278
1316;Школьные учебники и сопутствующая литература;55
1317;Абитуриентам;1316
1318;Учебная литература для старших классов (5-11 класс);1316
1319;Справочники для школьников и студентов;1316
1320;Развивающая литература для школьников;1321
1321;Педагогика / Логопедия / Развитие ребенка;55
1322;Учебники для ВУЗов и ВТУЗов;1316
1323;"Рамка" (БПНФ) и клоны;664
1324;Русская классическая проза (с.с.);278
1325;Партворки;26
1326;Психология (периодика);1105
1327;Приложения к журналам на дисках (CD, DVD, BD и др.);26
1328;Славяно-Арийская Теорема (Статьи, Материалы, Гипотезы, Факты);1138
1330;Мультимедийные материалы и Обучающее видео для детей, родителей и педагогов;55
1331;Обучающее видео для детей, родителей и педагогов;1330
1332;Литературные премии (новости);874
1333;Многотиражные газеты и корпоративные издания;1103
1335;Славяно-Арийская Теорема;511
1342;Общая информация о Фан-группе «Abcool»;1654
1343;Общение членов Фан-группы «Abcool»;1654
1348;Заметки на память (Ссылки, адреса, информация);1654
1349;Книгоиздательство, книгопечатание, книгописание;585
1350;Помощь в создании эл. книг;22
1352;Теософия, Религия, Религиоведение (Мультимедийные материалы);804
1353;Философия (Мультимедийные материалы);804
1354;Зарубежная современная проза (Аудиокниги);300
1357;Военная история (Аудиокниги);1362
1358;Увлечения / Хобби (Аудиокниги);1362
1359;Тайны / Загадки (Аудиокниги);1362
1360;Литературоведение / Языкознание (Аудиокниги);1364
1361;Путешествия / География (Аудиокниги);1362
1362;Популярная и документальная литература (Аудиокниги);24
1364;Научная литература (Аудиокниги);24
1368;Подборки и коллекции фото;868
1370;Разное (Обои, Фото, Открытки, Плакаты);786
1371;Полезные и интересные ссылки;868
1372;Юмор (Мир книг);874
1373;Мифы / Легенды / Эпос (Аудиокниги);1362
1374;Политика (Аудиокниги);1362
1375;Разное (Популярная и документальная литература. Аудиокниги);1362
1376;Разное (Научная литература. Аудиокниги);1364
1377;«ТЕХНОТЬМА» (Аудиосериалы);1112
1378;«Зона Смерти» (Аудиосериалы);1112
1379;Аудиоспектакли;768
1380;Радиопостановки;768
1381;Литературные чтения;768
1382;Радиопередачи;768
1383;Аудио-альманахи;768
1384;Домашнему умельцу;581
1385;Политики / Дипломаты;1041
1386;Бизнесмены / Олигархи / Нувориши;1041
1390;Словари;1650
1391;Книги;1650
1394;Новинки (Аудиокниги);24
1395;Новинки декламаторов;1394
1408;Новинки лицензий;1394
1409;Спиртные, прохладительные и тонизирующие напитки;581
1417;Русские ужасы и мистика (Аудиокниги);300
1424;Зарубежный детектив, боевик, триллер (Аудиокниги);300
1432;Русское фэнтези (Аудиокниги);300
1433;Детская Аудиокнига;24
1434;Для самых маленьких (Аудиокниги);1433
1435;Сказки (Аудиокниги);1433
1436;Детская фантастика (Аудиокниги);1433
1437;Детское фэнтези (Аудиокниги);1433
1438;Детские приключения (Аудиокниги);1433
1439;Детские остросюжетные (Аудиокниги);1433
1440;Детская проза (Аудиокниги);1433
1441;Детские стихи (Аудиокниги);1433
1442;Детские научно-популярные (Аудиокниги;1433
1444;Зарубежная приключенческая литература (Аудиокниги);300
1446;Зарубежное фэнтези (Аудиокниги);300
1447;Русская фантастика (Аудиокниги);300
1448;Авторские сборники, Собрания сочинений (Аудиокниги);1644
1449;Межавторские сборники, Аудиобиблиотеки (Аудиокниги);1644
1452;Новинки оцифровок;1394
1454;Зарубежная фантастика (Аудиокниги);300
1455;«The X-Files» (Аудиосериалы);1112
1457;Русский детектив, боевик, триллер (Аудиокниги);300
1460;СТОЛ ЗАКАЗОВ аудиокниг;1145
1461;Исполнители аудиокниг (актеры, дикторы и чтецы);1171
1462;Специальные раздачи (Аудиокниги);1171
1464;Новости культуры;867
1465;Аудиодорожки;768
1466;Радиоспектакли;768
1467;Прочее (Важная информация);589
1468;Сборники (коллекции) аудиоспектаклей;768
1471;Живопись и Скульптура;49
1472;Зарубежные художники (картины);1471
1473;Русские художники (картины);1471
1474;Музеи, Галереи, Арт-коллекции (картины);1471
1477;ГОСТЕВАЯ;1654
1522;Что написано пером...;874
1564;Книжки-минутки (Фантастика. Детектив) (Книги);279
1576;Наши викторины и конкурсы;2
1578;Театр, Кино, ТВ, Фото (периодика);1207
1580;Разное (Книги и картины);1471
1582;Праздники, юбилеи, дни рождения и прочие знаменательные даты;589
1583;Обсуждение провайдеров;2
1587;Провайдеры России;1583
1588;Провайдеры Украины;1583
1589;Железо: комплектующие и периферия;2
1590;Мобильные устройства;1589
1591;Выбор и обсуждение периферии;1589
1592;Сетевое оборудование;1589
1593;Подбор конфигурации, выбор и обсуждение комплектующих;1589
1594;Железо: комплексные проблемы;1589
1595;Помогите вспомнить название книги или автора;1145
1620;Автолюбителям...;868
1621;Юмор;868
1625;Библиотеки и Многотомные жанровые и тематические подборки (English);18
1626;Жанровые и тематические подборки Художественной литературы (English);1625
1628;Жанровые и тематические подборки прочей литературы (English);1625
1629;Библиотеки (English);1625
1630;Жанровые и тематические подборки прочей литературы;1090
1631;О разделе Авторские раздачи;56
1632;Книги (Авторские раздачи);56
1633;Аудиокниги (Авторские раздачи);56
1634;Разное (Авторские раздачи);56
1637;Сергей Ларионов;1633
1638;Игорь Князев;1633
1639;Прочие декламаторы;1633
1640;Вета;1633
1642;Зарубежная классическая проза (Аудиокниги);300
1643;Русская классическая проза (Аудиокниги);300
1644;Собрания сочинений, сборники и библиотеки (Аудиокниги);24
1649;Аудиокниги для устройств компании Apple [m4b];24
1650;Книги, сборники, библиотеки;58
1651;Программы для читалок, мобильников, смартфонов;58
1652;Обои, темы, заставки;58
1654;Фан-группа «Abcool»;2
1677;Атрибутика трекера, графика для релизов;589
1678;Библиотека Либрусек;1172
1682;vveaver;1633
1685;Библиотека LIBRUS.RU;991
1686;Большая коллекция научно-технической литературы;999
1687;Библиотека КОЛХОЗ (KOLXO3 Library);999
1688;Прочие Научные и Технические библиотеки;999
1689;Обои рабочего стола (Desktop Wallpapers);786
1690;Библиотека ESaTL;999
1691;Приусадебное хозяйство / Цветоводство (периодика);1207
1692;Охота и рыбалка (периодика);1207
1693;Контролер;1633
1694;Женские журналы;1707
1695;Мужские журналы (не эротические);1707
1696;Личности, звезды, биографии (периодика);1105
1697;Вспомогательный софт для графического оформления книг и релизов;39
1699;Старобогородчанське книгосховище;999
1700;Любительские фотографии;786
1701;Тестовые раздачи (Аудиокниги);3
1705;Военные самолёты, вертолёты, БПЛА;1743
1707;Популярно-развлекательная периодика;26
1708;Живопись, рисование (учебники, справочные материалы);1471
1710;Библиотечное дело;585
1711;Разное (Филология, Литературоведение, Библиография);585
1712;Эпоха Возрождения (картины);1471
1714;1С: Предприятие;339
1715;Литобзор / Справочники;1174
1717;Мультимедийные материалы, Софт, Обучающее видео (Медицина);1785
1718;Медицинская литература на других языках;1785
1720;Рыбалка / Спортивное рыболовство;1039
1722;Вопросы и пожелания к "Хранителям";456
1723;Вопросы и пожелания к "Релизерам";456
1724;ToDo (Планы, предложения, реализация);456
1725;Русско-японская война;1744
1726;История Америки, Австралии, Океании;1789
1727;Творческая группа «Самиздат»;1633
1730;Книги о художниках и живописи;1471
1731;Современные художники (картины);1471
1732;Лечебное и специальное питание;1783
1735;Бронетехника, РСЗО, Артиллерия;1743
1736;Ракетно-ядерное оружие (МБР, БРПЛ, РСД, ОТР);1743
1737;Системы ПВО и ПРО;1743
1739;Групповое, Стрелковое, Холодное оружие, Снаряжение;1743
1740;Разное (Военная техника);1743
1741;Мундиры, знамена, боевые награды;1748
1742;Скульптура;1471
1743;Военная техника;60
1744;Военная история;60
1745;Книжные серии, циклы, библиотеки, собрания сочинений (Военное дело);60
1746;Разное (Военная история);1744
1747;Военная история и военное дело (Старая книга - до ~1917 г);1752
1748;Вооруженные силы. Прошлое, настоящее, будущее;60
1749;Статьи, Материалы, Гипотезы, Факты (Военная техника);1743
1750;Статьи, Материалы, Гипотезы, Факты (Вооруженные силы);1748
1751;Энциклопедии, справочники, специальная литература (Военное дело);1752
1752;Военное дело. Прочее;60
1754;Восточная медицина;1783
1756;Медицина (Старая книга - до ~1917 г);1785
1757;Сельское хозяйство / Пищевая промышленность;47
1758;Ветеринария (Общий раздел);1784
1759;Акушерство и Гинекология;1782
1760;Анестезиология и Реаниматология;1782
1761;Кардиология;1782
1762;Психиатрия и Неврология;1782
1763;Хирургия;1782
1764;Нетрадиционные религиозно-философские учения;380
1765;Учебная литература для детского сада и начальной школы (до 4 класса);1316
1766;Птицы;748
1767;Насекомые;748
1768;Разное (Партийная литература);1094
1770;Фармация и фармакология;1782
1771;Стоматология;1782
1772;Конкурсы, Викторины...;589
1782;Клиническая медицина;62
1783;Популярная медицина, Здоровье;62
1784;Ветеринария;62
1785;Прочее (Медицина);62
1786;Педиатрия;1782
1787;История СССР [1917 - 1991 гг.] (Академическая История);1073
1789;История отдельных стран и регионов;40
1790;Практическая психология, Бизнес-тренинги, Коучинг;586
1791;Психотерапия;586
1792;Психология и психотерапия детей и подростков;586
1793;Общая информация;62
1794;Информация о разделе "Медицина, Здоровье";1793
1795;Поиск и предложение книг по Медицине;1793
1796;Разное (Информация, Медицина, Здоровье);1793
1797;Семейная психология и психотерапия;586
1798;Ветеринарная хирургия;1784
1799;Болезни животных;1784
1800;Ветеринарная анатомия;1784
1801;Ветеринарная фармакология;1784
1802;Ветеринария (разное);1784
1804;Терапия;1782
1806;Медицинская периодика (Газеты, Журналы);62
1807;Научная медицинская периодика;1806
1808;Популярная медицинская периодика;1806
1809;Эзотерика, Мистика, Непознанное;43
1810;Православие;380
1811;Католицизм, протестантизм, другие христианские конфессии;380
1812;Ислам, суфизм;380
1813;Иудаизм, каббала;380
1814;Буддизм, даосизм, индуизм, восточные учения;380
1815;Язычество, шаманизм;380
1816;Атеизм;380
1817;Оккультизм, мистицизм, алхимия, реинкарнация;1809
1819;Религиоведение;380
1820;Военная проза (Книги);279
1821;КЛУБ любителей Линукса «Линуксятник»;46
1822;Информация для «Линуксятников» (статьи, рекомендации);1821
1823;Софт для «Линуксятников»;1821
1824;Общение членов клуба «Линуксятник»;1821
1825;Книги по Линуксу;1821
1827;Мультимедийная Энциклопедия - «Википедия Оффлайн»;804
1828;Общая информация;60
1829;Информация о разделе "Военное дело";1828
1830;SurikenTSD;1633
1831;Сборники / Собрания сочинений / Межконфессионные издания (Религия. Теология);380
1832;Сборники / Собрания сочинений / Серии / Циклы (Эзотерика, Мистика, Непознанное);1809
1833;Разное (Религия. Теология);380
1834;Разное (Эзотерика, Мистика, Непознанное);1809
1835;Артем Аверкиев;1633
1836;Jenni;1633
1837;Сухой Листик;1633
1838;Сборники / Собрания сочинений / Циклы худ. литературы для детей;55
1839;Большие сборники и тематические подборки худ. литературы для детей;1838
1840;Издательские и межиздательские серии для детей;1838
1841;Книжные циклы произведений для детей;1838
1842;Собрания сочинений и авторские сборники для детей;1838
1843;Современная проза русскоязычных авторов (с.с.);278
1844;Смотрим фильм - читаем книгу (Серии и с.с.);664
1845;Военная проза / Военные приключения / Современные войны (серии);664
1846;Юмор (серии);664
1847;Поэзия;20
1848;Филимонов Дмитрий (мимон);1633
1849;Обработка звука;339
1850;Разное (Детям, родителям и педагогам);55
1851;Морские приключения (серии);664
1854;Водный транспорт;745
1855;Автомобильный транспорт;745
1856;Геология;747
1857;Океанология;747
1858;Геодезия;747
1859;География;747
1860;IRC bookz (English);1625
1861;Информация о разделе "Общественные и гуманитарные науки";43
1863;Кошелев Алексей (system-eyes);1633
1864;Детские книги на укр. языке;496
1865;Художественная литература на укр. языке;496
1868;История Казачества (Академическая История);1073
1869;История стран бывшего СССР;1789
1870;Моделизм;581
1871;Ведьма;1633
1874;Воздушный транспорт;745
1875;Прочее (Транспорт, Авиация, Флот);745
1877;Информация по блокировкам сайтов (Россия);589
1878;Евдокимов Михаил (StarAlker);1633
1879;Женский детектив (с.с.);278
1880;Боевик (с.с.);278
1881;Популярная медицина. Советы врачей. Справочники;1783
1882;Stix37;1633
1883;the-unknown;1633
1884;Крутой детектив / Нуар (серии, с.с.);278
1885;Русскоязычный детектив, триллер (с.с.);278
1886;Гражданское и Договорное право;619
1887;Римское право;1942
1888;Уголовное право;1936
1889;Семейное, Ювенальное и Право социального обеспечения (в т.ч. Пенсионное);619
1890;Жилищное, Градостроительное право и недвижимость;619
1891;Налоговое право;619
1892;Международное, Зарубежное и Военное право;619
1893;Разное (Юриспруденция, Право, Криминал);64
1894;Сборники, серии, собрания сочинений (Юриспруденция, Право, Криминал);64
1895;Русскоязычная фантастика (с.с.);278
1896;Русскоязычное фэнтези (с.с.);278
1897;Собрания сочинений, авторские сборники (Компьютерная литература);35
1898;Литературные премии;1174
1899;Авторское, Информационное и Право интеллектуальной собственности;619
1900;Периодика (Юриспруденция, Право, Криминал);64
1901;Земельное и Аграрное право;619
1902;Реставрация книг, Переплётное дело, Создание e-книг;581
1908;Адвокатура и нотариат;619
1909;Административное право;619
1910;Арбитражный процесс;1941
1911;Банковское, Валютное, Инвестиционное и Финансовое право;619
1912;Бюджетное право;619
1913;Водное право;619
1914;Гражданский процесс;1941
1915;Защита прав потребителей;619
1916;Избирательное право;619
1917;Исполнительное производство;1941
1918;История государства и права;1942
1919;Коммерческое и Предпринимательское право;619
1920;Конституционное право и Конституционное право зарубежья;619
1921;Корпоративное право;619
1922;Муниципальное право, государственная и муниципальная служба;619
1923;Основы права;1942
1924;Прокурорский надзор;1936
1925;Страховое право;619
1926;Таможенное право;619
1927;Трудовое право;619
1928;Криминалистика и Криминология;1936
1929;Экологическое право;619
1931;Литература универсального содержания (Энциклопедии);53
1933;Философия права;1942
1934;Судебная экспертиза, бухгалтерия и медицина;1941
1935;Правоохранительные органы;1936
1936;Уголовное право и правоохранительная деятельность;64
1937;Уголок юриста;64
1938;Юридическая помощь. Советы юриста;1937
1939;Юридическая психология, Судебная психиатрия;1941
1940;Оперативно-розыскная деятельность;1936
1941;Судебный процесс, экспертиза и исполнительное производство;64
1942;Теория и история права;64
1943;История политических и правовых учений;1942
1944;О разделе «Юриспруденция, Право, Криминал»;1937
1945;The Loeb Classical Library;1073
1946;Уголовно-исполнительное право;1936
1947;Наследственное право;619
1948;Третейский процесс и медиация;1941
1949;Уголовный процесс;1941
1950;Доказательства и доказывание;1941
1951;Ликвидация, Банкротство и конкурсное производство;1941
1952;Справочники, энциклопедии и подборки (Юриспруденция, Право, Криминал);1894
1953;Собрания сочинений (Юриспруденция, Право, Криминал);1894
1954;Права человека;619
1960;Публицистика, Журналистика;53
1961;Астрология;750
1962;Астрономия и Космология;750
1963;Космонавтика;750
1964;BIGBAG;1633
1965;Выживание в экстремальных условиях;60
1968;Профессиональные справочники;749
1969;«Буквица» - Викиэнциклопедия Книжного трекера;46
1970;Вики-школа. Как писать статьи;1969
1971;Спортсмены;1041
1973;Материальная помощь трекеру;589
1974;Сергей Краснов - (sevaman);1633
1975;Олег Воротилин (Benedikt999);1633
1976;Valitta;1633
1978;Serregey;1633
1979;Что и где почитать«;971
1981;Андрей_М (Zorb361);1633
1982;Любовно-лирическое фэнтези и фантастика;300
1983;Обход блокировки трекера;2
1984;Официальная информация. Законы. Законодательные акты;868
1985;Olejjkaa;1633
1986;murinex;1633
1987;«S-T-I-K-S» (Аудиосериалы);1112
1989;Flibusta rev2.0;18
3000;Исторический роман (Самиздат);12
3001;Разное (Самиздат);12
3002;Мистика, Ужасы (Самиздат);12
3003;Детектив, Боевик, Триллер (Самиздат);12
3004;Авторские раздачи (Самиздат);12
3005;Военно-художественная проза (Самиздат);12
3006;Приключения / Исторические приключения (Самиздат);12
